ClassID,ClassName,Thema,ItemClassName
1,dress_honored_rose_1,honored_rose_thema,EP12_costume_Com_037
2,dress_honored_rose_2,honored_rose_thema,EP12_costume_Com_040
3,dress_honored_rose_3,honored_rose_thema,EP12_costume_Com_043
4,dress_honored_rose_4,honored_rose_thema,EP12_costume_Com_046
5,dress_honored_rose_5,honored_rose_thema,EP12_costume_Com_049
6,dress_honored_rose_6,honored_rose_thema,EP12_costume_Com_052
7,dress_curtain_call_1,curtain_call_thema,EP12_costume_Com_072
8,dress_curtain_call_2,curtain_call_thema,EP12_costume_Com_073
9,dress_curtain_call_3,curtain_call_thema,EP12_costume_Com_074
10,dress_curtain_call_4,curtain_call_thema,EP12_costume_Com_075
11,dress_curtain_call_5,curtain_call_thema,EP12_costume_Com_076
12,dress_curtain_call_6,curtain_call_thema,EP12_costume_Com_077
